{
    "worldTopLeft": {
        "x": -28.44444465637207,
        "y": 9.69976806640625,
        "z": 15.999998092651368
    },
    "worldBottomLeft": {
        "x": -28.44444465637207,
        "y": 9.69976806640625,
        "z": -15.999998092651368
    },
    "ppmX": 9.0,
    "ppmY": 16.000001907348634,
    "capSize": 512,
    "aspect": 1.7777777910232545
}